BEGIN;

INSERT INTO username (username, billing_entity_id) VALUES ('4048072654@vzw3g.com', 3);
INSERT INTO username (username, billing_entity_id) VALUES ('4048072669@vzw3g.com', 3);
INSERT INTO username (username, billing_entity_id) VALUES ('4048072668@vzw3g.com', 3);
INSERT INTO username (username, billing_entity_id) VALUES ('4048072671@vzw3g.com', 3);
INSERT INTO username (username, billing_entity_id) VALUES ('4048072670@vzw3g.com', 3);
INSERT INTO username (username, billing_entity_id) VALUES ('4048072662@vzw3g.com', 3);
INSERT INTO username (username, billing_entity_id) VALUES ('4048072673@vzw3g.com', 3);
INSERT INTO username (username, billing_entity_id) VALUES ('4048072664@vzw3g.com', 3);
INSERT INTO username (username, billing_entity_id) VALUES ('4048072661@vzw3g.com', 3);
INSERT INTO username (username, billing_entity_id) VALUES ('4048073054@vzw3g.com', 3);
INSERT INTO username (username, billing_entity_id) VALUES ('4048072790@vzw3g.com', 3);
INSERT INTO username (username, billing_entity_id) VALUES ('4048072771@vzw3g.com', 3);
INSERT INTO username (username, billing_entity_id) VALUES ('4048072791@vzw3g.com', 3);
INSERT INTO username (username, billing_entity_id) VALUES ('4048072777@vzw3g.com', 3);
INSERT INTO username (username, billing_entity_id) VALUES ('4048072775@vzw3g.com', 3);
INSERT INTO username (username, billing_entity_id) VALUES ('4048072745@vzw3g.com', 3);
INSERT INTO username (username, billing_entity_id) VALUES ('4048072785@vzw3g.com', 3);
INSERT INTO username (username, billing_entity_id) VALUES ('4048072768@vzw3g.com', 3);
INSERT INTO username (username, billing_entity_id) VALUES ('4048072801@vzw3g.com', 3);
INSERT INTO username (username, billing_entity_id) VALUES ('4048072749@vzw3g.com', 3);
INSERT INTO username (username, billing_entity_id) VALUES ('4048072721@vzw3g.com', 3);
INSERT INTO username (username, billing_entity_id) VALUES ('4048072739@vzw3g.com', 3);
INSERT INTO username (username, billing_entity_id) VALUES ('4048072715@vzw3g.com', 3);
INSERT INTO username (username, billing_entity_id) VALUES ('4048072782@vzw3g.com', 3);
INSERT INTO username (username, billing_entity_id) VALUES ('4048072799@vzw3g.com', 3);
INSERT INTO username (username, billing_entity_id) VALUES ('4048072743@vzw3g.com', 3);
INSERT INTO username (username, billing_entity_id) VALUES ('4048072769@vzw3g.com', 3);
INSERT INTO username (username, billing_entity_id) VALUES ('4048072746@vzw3g.com', 3);
INSERT INTO username (username, billing_entity_id) VALUES ('4048072736@vzw3g.com', 3);
INSERT INTO username (username, billing_entity_id) VALUES ('4048072796@vzw3g.com', 3);
INSERT INTO username (username, billing_entity_id) VALUES ('4047647849@vzw3g.com', 3);
INSERT INTO username (username, billing_entity_id) VALUES ('4048072731@vzw3g.com', 3);
INSERT INTO username (username, billing_entity_id) VALUES ('4048072741@vzw3g.com', 3);
INSERT INTO username (username, billing_entity_id) VALUES ('4048072793@vzw3g.com', 3);
INSERT INTO username (username, billing_entity_id) VALUES ('4048072805@vzw3g.com', 3);
INSERT INTO username (username, billing_entity_id) VALUES ('4048072807@vzw3g.com', 3);
INSERT INTO username (username, billing_entity_id) VALUES ('4048072747@vzw3g.com', 3);
INSERT INTO username (username, billing_entity_id) VALUES ('4048072806@vzw3g.com', 3);
INSERT INTO username (username, billing_entity_id) VALUES ('4048072728@vzw3g.com', 3);
INSERT INTO username (username, billing_entity_id) VALUES ('4048072729@vzw3g.com', 3);
INSERT INTO username (username, billing_entity_id) VALUES ('4048072733@vzw3g.com', 3);
INSERT INTO username (username, billing_entity_id) VALUES ('4048072778@vzw3g.com', 3);
INSERT INTO username (username, billing_entity_id) VALUES ('4048072748@vzw3g.com', 3);
INSERT INTO username (username, billing_entity_id) VALUES ('4048072774@vzw3g.com', 3);
INSERT INTO username (username, billing_entity_id) VALUES ('4048072735@vzw3g.com', 3);
INSERT INTO username (username, billing_entity_id) VALUES ('4048072788@vzw3g.com', 3);
INSERT INTO username (username, billing_entity_id) VALUES ('4048072752@vzw3g.com', 3);
INSERT INTO username (username, billing_entity_id) VALUES ('4048072751@vzw3g.com', 3);
INSERT INTO username (username, billing_entity_id) VALUES ('4048072798@vzw3g.com', 3);
INSERT INTO username (username, billing_entity_id) VALUES ('4048072744@vzw3g.com', 3);
INSERT INTO username (username, billing_entity_id) VALUES ('4048072766@vzw3g.com', 3);
INSERT INTO username (username, billing_entity_id) VALUES ('4048072813@vzw3g.com', 3);
INSERT INTO username (username, billing_entity_id) VALUES ('4048072758@vzw3g.com', 3);
INSERT INTO username (username, billing_entity_id) VALUES ('4048072720@vzw3g.com', 3);
INSERT INTO username (username, billing_entity_id) VALUES ('4048072722@vzw3g.com', 3);
INSERT INTO username (username, billing_entity_id) VALUES ('4048072713@vzw3g.com', 3);
INSERT INTO username (username, billing_entity_id) VALUES ('4048072753@vzw3g.com', 3);
INSERT INTO username (username, billing_entity_id) VALUES ('4042934886@vzw3g.com', 3);
INSERT INTO username (username, billing_entity_id) VALUES ('4048072814@vzw3g.com', 3);
INSERT INTO username (username, billing_entity_id) VALUES ('4048072776@vzw3g.com', 3);
INSERT INTO username (username, billing_entity_id) VALUES ('4048072711@vzw3g.com', 3);
INSERT INTO username (username, billing_entity_id) VALUES ('4048072660@vzw3g.com', 3);
INSERT INTO username (username, billing_entity_id) VALUES ('4046404680@vzw3g.com', 3);
INSERT INTO username (username, billing_entity_id) VALUES ('4048072767@vzw3g.com', 3);
INSERT INTO username (username, billing_entity_id) VALUES ('4048072754@vzw3g.com', 3);
INSERT INTO username (username, billing_entity_id) VALUES ('4048072740@vzw3g.com', 3);
INSERT INTO username (username, billing_entity_id) VALUES ('4048072719@vzw3g.com', 3);
INSERT INTO username (username, billing_entity_id) VALUES ('4048073127@vzw3g.com', 3);
INSERT INTO username (username, billing_entity_id) VALUES ('4048072725@vzw3g.com', 3);
INSERT INTO username (username, billing_entity_id) VALUES ('4048072787@vzw3g.com', 3);
INSERT INTO username (username, billing_entity_id) VALUES ('4048073086@vzw3g.com', 3);
INSERT INTO username (username, billing_entity_id) VALUES ('4048072726@vzw3g.com', 3);
INSERT INTO username (username, billing_entity_id) VALUES ('4048073075@vzw3g.com', 3);
INSERT INTO username (username, billing_entity_id) VALUES ('4048072810@vzw3g.com', 3);
INSERT INTO username (username, billing_entity_id) VALUES ('4046557951@vzw3g.com', 3);
INSERT INTO username (username, billing_entity_id) VALUES ('4048073059@vzw3g.com', 3);
INSERT INTO username (username, billing_entity_id) VALUES ('4048072764@vzw3g.com', 3);
INSERT INTO username (username, billing_entity_id) VALUES ('4048073128@vzw3g.com', 3);
INSERT INTO username (username, billing_entity_id) VALUES ('4048072773@vzw3g.com', 3);
INSERT INTO username (username, billing_entity_id) VALUES ('4048073048@vzw3g.com', 3);
INSERT INTO username (username, billing_entity_id) VALUES ('4048072784@vzw3g.com', 3);
INSERT INTO username (username, billing_entity_id) VALUES ('4048072750@vzw3g.com', 3);
INSERT INTO username (username, billing_entity_id) VALUES ('4048073087@vzw3g.com', 3);
INSERT INTO username (username, billing_entity_id) VALUES ('4048072712@vzw3g.com', 3);
INSERT INTO username (username, billing_entity_id) VALUES ('4048073136@vzw3g.com', 3);
INSERT INTO username (username, billing_entity_id) VALUES ('4048072792@vzw3g.com', 3);
INSERT INTO username (username, billing_entity_id) VALUES ('4048072723@vzw3g.com', 3);
INSERT INTO username (username, billing_entity_id) VALUES ('4048073079@vzw3g.com', 3);
INSERT INTO username (username, billing_entity_id) VALUES ('4048072716@vzw3g.com', 3);
INSERT INTO username (username, billing_entity_id) VALUES ('8046550164@vzw3g.com', 3);
INSERT INTO username (username, billing_entity_id) VALUES ('4048072808@vzw3g.com', 3);
INSERT INTO username (username, billing_entity_id) VALUES ('8046550358@vzw3g.com', 3);
INSERT INTO username (username, billing_entity_id) VALUES ('4048072730@vzw3g.com', 3);
INSERT INTO username (username, billing_entity_id) VALUES ('8046550525@vzw3g.com', 3);
INSERT INTO username (username, billing_entity_id) VALUES ('4048072765@vzw3g.com', 3);
INSERT INTO username (username, billing_entity_id) VALUES ('8046558468@vzw3g.com', 3);
INSERT INTO username (username, billing_entity_id) VALUES ('4048072770@vzw3g.com', 3);
INSERT INTO username (username, billing_entity_id) VALUES ('4048072755@vzw3g.com', 3);
INSERT INTO username (username, billing_entity_id) VALUES ('4048072780@vzw3g.com', 3);
INSERT INTO username (username, billing_entity_id) VALUES ('4048072737@vzw3g.com', 3);
INSERT INTO username (username, billing_entity_id) VALUES ('4048072738@vzw3g.com', 3);
INSERT INTO username (username, billing_entity_id) VALUES ('4048072734@vzw3g.com', 3);
INSERT INTO username (username, billing_entity_id) VALUES ('4048072756@vzw3g.com', 3);
INSERT INTO username (username, billing_entity_id) VALUES ('4048072794@vzw3g.com', 3);
INSERT INTO username (username, billing_entity_id) VALUES ('4048072763@vzw3g.com', 3);
INSERT INTO username (username, billing_entity_id) VALUES ('4048072772@vzw3g.com', 3);
INSERT INTO username (username, billing_entity_id) VALUES ('4048072786@vzw3g.com', 3);
INSERT INTO username (username, billing_entity_id) VALUES ('4048072724@vzw3g.com', 3);
INSERT INTO username (username, billing_entity_id) VALUES ('4048072795@vzw3g.com', 3);
INSERT INTO username (username, billing_entity_id) VALUES ('4048317502@vzw3g.com', 3);
INSERT INTO username (username, billing_entity_id) VALUES ('4048072789@vzw3g.com', 3);
INSERT INTO username (username, billing_entity_id) VALUES ('4048072803@vzw3g.com', 3);
INSERT INTO username (username, billing_entity_id) VALUES ('4048072718@vzw3g.com', 3);
INSERT INTO username (username, billing_entity_id) VALUES ('4048072714@vzw3g.com', 3);
INSERT INTO username (username, billing_entity_id) VALUES ('4048072732@vzw3g.com', 3);
INSERT INTO username (username, billing_entity_id) VALUES ('4048072812@vzw3g.com', 3);
INSERT INTO username (username, billing_entity_id) VALUES ('4048072779@vzw3g.com', 3);
INSERT INTO username (username, billing_entity_id) VALUES ('4048072783@vzw3g.com', 3);
INSERT INTO username (username, billing_entity_id) VALUES ('4048072802@vzw3g.com', 3);
INSERT INTO username (username, billing_entity_id) VALUES ('4048072717@vzw3g.com', 3);
INSERT INTO username (username, billing_entity_id) VALUES ('4048072742@vzw3g.com', 3);
INSERT INTO username (username, billing_entity_id) VALUES ('4048072757@vzw3g.com', 3);
INSERT INTO username (username, billing_entity_id) VALUES ('4048073042@vzw3g.com', 3);
INSERT INTO username (username, billing_entity_id) VALUES ('4048073093@vzw3g.com', 3);
INSERT INTO username (username, billing_entity_id) VALUES ('4048073051@vzw3g.com', 3);
INSERT INTO username (username, billing_entity_id) VALUES ('4048073118@vzw3g.com', 3);
INSERT INTO username (username, billing_entity_id) VALUES ('4048073103@vzw3g.com', 3);
INSERT INTO username (username, billing_entity_id) VALUES ('4048073121@vzw3g.com', 3);
INSERT INTO username (username, billing_entity_id) VALUES ('4048073120@vzw3g.com', 3);
INSERT INTO username (username, billing_entity_id) VALUES ('4048073104@vzw3g.com', 3);
INSERT INTO username (username, billing_entity_id) VALUES ('4045581160@vzw3g.com', 3);
INSERT INTO username (username, billing_entity_id) VALUES ('4047801414@vzw3g.com', 3);
INSERT INTO username (username, billing_entity_id) VALUES ('4048073126@vzw3g.com', 3);
INSERT INTO username (username, billing_entity_id) VALUES ('4048073065@vzw3g.com', 3);
INSERT INTO username (username, billing_entity_id) VALUES ('4048073077@vzw3g.com', 3);
INSERT INTO username (username, billing_entity_id) VALUES ('4048959332@vzw3g.com', 3);
INSERT INTO username (username, billing_entity_id) VALUES ('4048073099@vzw3g.com', 3);
INSERT INTO username (username, billing_entity_id) VALUES ('4048073102@vzw3g.com', 3);
INSERT INTO username (username, billing_entity_id) VALUES ('4048211308@vzw3g.com', 3);
INSERT INTO username (username, billing_entity_id) VALUES ('4048072655@vzw3g.com', 3);
INSERT INTO username (username, billing_entity_id) VALUES ('4048073110@vzw3g.com', 3);
INSERT INTO username (username, billing_entity_id) VALUES ('4046404693@vzw3g.com', 3);
INSERT INTO username (username, billing_entity_id) VALUES ('4048073111@vzw3g.com', 3);
INSERT INTO username (username, billing_entity_id) VALUES ('4048073049@vzw3g.com', 3);
INSERT INTO username (username, billing_entity_id) VALUES ('4048073133@vzw3g.com', 3);
INSERT INTO username (username, billing_entity_id) VALUES ('4048073096@vzw3g.com', 3);
INSERT INTO username (username, billing_entity_id) VALUES ('4048073076@vzw3g.com', 3);
INSERT INTO username (username, billing_entity_id) VALUES ('4048073132@vzw3g.com', 3);
INSERT INTO username (username, billing_entity_id) VALUES ('4048073108@vzw3g.com', 3);
INSERT INTO username (username, billing_entity_id) VALUES ('4048073074@vzw3g.com', 3);
INSERT INTO username (username, billing_entity_id) VALUES ('4048073060@vzw3g.com', 3);
INSERT INTO username (username, billing_entity_id) VALUES ('4048073112@vzw3g.com', 3);
INSERT INTO username (username, billing_entity_id) VALUES ('4048073098@vzw3g.com', 3);
INSERT INTO username (username, billing_entity_id) VALUES ('4048073055@vzw3g.com', 3);
INSERT INTO username (username, billing_entity_id) VALUES ('4045487145@vzw3g.com', 3);
INSERT INTO username (username, billing_entity_id) VALUES ('4045482448@vzw3g.com', 3);
INSERT INTO username (username, billing_entity_id) VALUES ('4048073041@vzw3g.com', 3);
INSERT INTO username (username, billing_entity_id) VALUES ('4045483387@vzw3g.com', 3);
INSERT INTO username (username, billing_entity_id) VALUES ('4048073105@vzw3g.com', 3);
INSERT INTO username (username, billing_entity_id) VALUES ('4048073115@vzw3g.com', 3);
INSERT INTO username (username, billing_entity_id) VALUES ('4045489139@vzw3g.com', 3);
INSERT INTO username (username, billing_entity_id) VALUES ('4048073113@vzw3g.com', 3);
INSERT INTO username (username, billing_entity_id) VALUES ('4048073044@vzw3g.com', 3);
INSERT INTO username (username, billing_entity_id) VALUES ('4048073116@vzw3g.com', 3);
INSERT INTO username (username, billing_entity_id) VALUES ('4048073037@vzw3g.com', 3);
INSERT INTO username (username, billing_entity_id) VALUES ('4048073135@vzw3g.com', 3);
INSERT INTO username (username, billing_entity_id) VALUES ('4048073066@vzw3g.com', 3);
INSERT INTO username (username, billing_entity_id) VALUES ('4047109801@vzw3g.com', 3);
INSERT INTO username (username, billing_entity_id) VALUES ('4048073139@vzw3g.com', 3);
INSERT INTO username (username, billing_entity_id) VALUES ('4048073114@vzw3g.com', 3);
INSERT INTO username (username, billing_entity_id) VALUES ('4048073131@vzw3g.com', 3);
INSERT INTO username (username, billing_entity_id) VALUES ('4048073045@vzw3g.com', 3);
INSERT INTO username (username, billing_entity_id) VALUES ('4048073003@vzw3g.com', 3);
INSERT INTO username (username, billing_entity_id) VALUES ('4048073122@vzw3g.com', 3);
INSERT INTO username (username, billing_entity_id) VALUES ('4048073085@vzw3g.com', 3);
INSERT INTO username (username, billing_entity_id) VALUES ('4048073039@vzw3g.com', 3);
INSERT INTO username (username, billing_entity_id) VALUES ('4048073097@vzw3g.com', 3);
INSERT INTO username (username, billing_entity_id) VALUES ('4048073094@vzw3g.com', 3);
INSERT INTO username (username, billing_entity_id) VALUES ('4048073009@vzw3g.com', 3);
INSERT INTO username (username, billing_entity_id) VALUES ('4048073095@vzw3g.com', 3);
INSERT INTO username (username, billing_entity_id) VALUES ('4048073067@vzw3g.com', 3);
INSERT INTO username (username, billing_entity_id) VALUES ('4048073106@vzw3g.com', 3);
INSERT INTO username (username, billing_entity_id) VALUES ('4048073046@vzw3g.com', 3);
INSERT INTO username (username, billing_entity_id) VALUES ('4048073124@vzw3g.com', 3);
INSERT INTO username (username, billing_entity_id) VALUES ('4048073129@vzw3g.com', 3);
INSERT INTO username (username, billing_entity_id) VALUES ('4046154298@vzw3g.com', 3);
INSERT INTO username (username, billing_entity_id) VALUES ('4048073117@vzw3g.com', 3);
INSERT INTO username (username, billing_entity_id) VALUES ('4048073109@vzw3g.com', 3);
INSERT INTO username (username, billing_entity_id) VALUES ('4048073073@vzw3g.com', 3);
INSERT INTO username (username, billing_entity_id) VALUES ('4048073107@vzw3g.com', 3);
INSERT INTO username (username, billing_entity_id) VALUES ('4048073100@vzw3g.com', 3);
INSERT INTO username (username, billing_entity_id) VALUES ('4048073119@vzw3g.com', 3);
INSERT INTO username (username, billing_entity_id) VALUES ('4048073069@vzw3g.com', 3);
INSERT INTO username (username, billing_entity_id) VALUES ('4048073101@vzw3g.com', 3);
INSERT INTO username (username, billing_entity_id) VALUES ('4048073130@vzw3g.com', 3);


/*
INSERT INTO radcheck(username, attribute, op, value) VALUES (var_username, 'Auth-Type', ':=', 'Accept');
*/

INSERT INTO radcheck (username, attribute, op, value) VALUES ('4048072654@vzw3g.com', 'Auth-Type', ':=', 'Accept');
INSERT INTO radcheck (username, attribute, op, value) VALUES ('4048072669@vzw3g.com', 'Auth-Type', ':=', 'Accept');
INSERT INTO radcheck (username, attribute, op, value) VALUES ('4048072668@vzw3g.com', 'Auth-Type', ':=', 'Accept');
INSERT INTO radcheck (username, attribute, op, value) VALUES ('4048072671@vzw3g.com', 'Auth-Type', ':=', 'Accept');
INSERT INTO radcheck (username, attribute, op, value) VALUES ('4048072670@vzw3g.com', 'Auth-Type', ':=', 'Accept');
INSERT INTO radcheck (username, attribute, op, value) VALUES ('4048072662@vzw3g.com', 'Auth-Type', ':=', 'Accept');
INSERT INTO radcheck (username, attribute, op, value) VALUES ('4048072673@vzw3g.com', 'Auth-Type', ':=', 'Accept');
INSERT INTO radcheck (username, attribute, op, value) VALUES ('4048072664@vzw3g.com', 'Auth-Type', ':=', 'Accept');
INSERT INTO radcheck (username, attribute, op, value) VALUES ('4048072661@vzw3g.com', 'Auth-Type', ':=', 'Accept');
INSERT INTO radcheck (username, attribute, op, value) VALUES ('4048073054@vzw3g.com', 'Auth-Type', ':=', 'Accept');
INSERT INTO radcheck (username, attribute, op, value) VALUES ('4048072790@vzw3g.com', 'Auth-Type', ':=', 'Accept');
INSERT INTO radcheck (username, attribute, op, value) VALUES ('4048072771@vzw3g.com', 'Auth-Type', ':=', 'Accept');
INSERT INTO radcheck (username, attribute, op, value) VALUES ('4048072791@vzw3g.com', 'Auth-Type', ':=', 'Accept');
INSERT INTO radcheck (username, attribute, op, value) VALUES ('4048072777@vzw3g.com', 'Auth-Type', ':=', 'Accept');
INSERT INTO radcheck (username, attribute, op, value) VALUES ('4048072775@vzw3g.com', 'Auth-Type', ':=', 'Accept');
INSERT INTO radcheck (username, attribute, op, value) VALUES ('4048072745@vzw3g.com', 'Auth-Type', ':=', 'Accept');
INSERT INTO radcheck (username, attribute, op, value) VALUES ('4048072785@vzw3g.com', 'Auth-Type', ':=', 'Accept');
INSERT INTO radcheck (username, attribute, op, value) VALUES ('4048072768@vzw3g.com', 'Auth-Type', ':=', 'Accept');
INSERT INTO radcheck (username, attribute, op, value) VALUES ('4048072801@vzw3g.com', 'Auth-Type', ':=', 'Accept');
INSERT INTO radcheck (username, attribute, op, value) VALUES ('4048072749@vzw3g.com', 'Auth-Type', ':=', 'Accept');
INSERT INTO radcheck (username, attribute, op, value) VALUES ('4048072721@vzw3g.com', 'Auth-Type', ':=', 'Accept');
INSERT INTO radcheck (username, attribute, op, value) VALUES ('4048072739@vzw3g.com', 'Auth-Type', ':=', 'Accept');
INSERT INTO radcheck (username, attribute, op, value) VALUES ('4048072715@vzw3g.com', 'Auth-Type', ':=', 'Accept');
INSERT INTO radcheck (username, attribute, op, value) VALUES ('4048072782@vzw3g.com', 'Auth-Type', ':=', 'Accept');
INSERT INTO radcheck (username, attribute, op, value) VALUES ('4048072799@vzw3g.com', 'Auth-Type', ':=', 'Accept');
INSERT INTO radcheck (username, attribute, op, value) VALUES ('4048072743@vzw3g.com', 'Auth-Type', ':=', 'Accept');
INSERT INTO radcheck (username, attribute, op, value) VALUES ('4048072769@vzw3g.com', 'Auth-Type', ':=', 'Accept');
INSERT INTO radcheck (username, attribute, op, value) VALUES ('4048072746@vzw3g.com', 'Auth-Type', ':=', 'Accept');
INSERT INTO radcheck (username, attribute, op, value) VALUES ('4048072736@vzw3g.com', 'Auth-Type', ':=', 'Accept');
INSERT INTO radcheck (username, attribute, op, value) VALUES ('4048072796@vzw3g.com', 'Auth-Type', ':=', 'Accept');
INSERT INTO radcheck (username, attribute, op, value) VALUES ('4047647849@vzw3g.com', 'Auth-Type', ':=', 'Accept');
INSERT INTO radcheck (username, attribute, op, value) VALUES ('4048072731@vzw3g.com', 'Auth-Type', ':=', 'Accept');
INSERT INTO radcheck (username, attribute, op, value) VALUES ('4048072741@vzw3g.com', 'Auth-Type', ':=', 'Accept');
INSERT INTO radcheck (username, attribute, op, value) VALUES ('4048072793@vzw3g.com', 'Auth-Type', ':=', 'Accept');
INSERT INTO radcheck (username, attribute, op, value) VALUES ('4048072805@vzw3g.com', 'Auth-Type', ':=', 'Accept');
INSERT INTO radcheck (username, attribute, op, value) VALUES ('4048072807@vzw3g.com', 'Auth-Type', ':=', 'Accept');
INSERT INTO radcheck (username, attribute, op, value) VALUES ('4048072747@vzw3g.com', 'Auth-Type', ':=', 'Accept');
INSERT INTO radcheck (username, attribute, op, value) VALUES ('4048072806@vzw3g.com', 'Auth-Type', ':=', 'Accept');
INSERT INTO radcheck (username, attribute, op, value) VALUES ('4048072728@vzw3g.com', 'Auth-Type', ':=', 'Accept');
INSERT INTO radcheck (username, attribute, op, value) VALUES ('4048072729@vzw3g.com', 'Auth-Type', ':=', 'Accept');
INSERT INTO radcheck (username, attribute, op, value) VALUES ('4048072733@vzw3g.com', 'Auth-Type', ':=', 'Accept');
INSERT INTO radcheck (username, attribute, op, value) VALUES ('4048072778@vzw3g.com', 'Auth-Type', ':=', 'Accept');
INSERT INTO radcheck (username, attribute, op, value) VALUES ('4048072748@vzw3g.com', 'Auth-Type', ':=', 'Accept');
INSERT INTO radcheck (username, attribute, op, value) VALUES ('4048072774@vzw3g.com', 'Auth-Type', ':=', 'Accept');
INSERT INTO radcheck (username, attribute, op, value) VALUES ('4048072735@vzw3g.com', 'Auth-Type', ':=', 'Accept');
INSERT INTO radcheck (username, attribute, op, value) VALUES ('4048072788@vzw3g.com', 'Auth-Type', ':=', 'Accept');
INSERT INTO radcheck (username, attribute, op, value) VALUES ('4048072752@vzw3g.com', 'Auth-Type', ':=', 'Accept');
INSERT INTO radcheck (username, attribute, op, value) VALUES ('4048072751@vzw3g.com', 'Auth-Type', ':=', 'Accept');
INSERT INTO radcheck (username, attribute, op, value) VALUES ('4048072798@vzw3g.com', 'Auth-Type', ':=', 'Accept');
INSERT INTO radcheck (username, attribute, op, value) VALUES ('4048072744@vzw3g.com', 'Auth-Type', ':=', 'Accept');
INSERT INTO radcheck (username, attribute, op, value) VALUES ('4048072766@vzw3g.com', 'Auth-Type', ':=', 'Accept');
INSERT INTO radcheck (username, attribute, op, value) VALUES ('4048072813@vzw3g.com', 'Auth-Type', ':=', 'Accept');
INSERT INTO radcheck (username, attribute, op, value) VALUES ('4048072758@vzw3g.com', 'Auth-Type', ':=', 'Accept');
INSERT INTO radcheck (username, attribute, op, value) VALUES ('4048072720@vzw3g.com', 'Auth-Type', ':=', 'Accept');
INSERT INTO radcheck (username, attribute, op, value) VALUES ('4048072722@vzw3g.com', 'Auth-Type', ':=', 'Accept');
INSERT INTO radcheck (username, attribute, op, value) VALUES ('4048072713@vzw3g.com', 'Auth-Type', ':=', 'Accept');
INSERT INTO radcheck (username, attribute, op, value) VALUES ('4048072753@vzw3g.com', 'Auth-Type', ':=', 'Accept');
INSERT INTO radcheck (username, attribute, op, value) VALUES ('4042934886@vzw3g.com', 'Auth-Type', ':=', 'Accept');
INSERT INTO radcheck (username, attribute, op, value) VALUES ('4048072814@vzw3g.com', 'Auth-Type', ':=', 'Accept');
INSERT INTO radcheck (username, attribute, op, value) VALUES ('4048072776@vzw3g.com', 'Auth-Type', ':=', 'Accept');
INSERT INTO radcheck (username, attribute, op, value) VALUES ('4048072711@vzw3g.com', 'Auth-Type', ':=', 'Accept');
INSERT INTO radcheck (username, attribute, op, value) VALUES ('4048072660@vzw3g.com', 'Auth-Type', ':=', 'Accept');
INSERT INTO radcheck (username, attribute, op, value) VALUES ('4046404680@vzw3g.com', 'Auth-Type', ':=', 'Accept');
INSERT INTO radcheck (username, attribute, op, value) VALUES ('4048072767@vzw3g.com', 'Auth-Type', ':=', 'Accept');
INSERT INTO radcheck (username, attribute, op, value) VALUES ('4048072754@vzw3g.com', 'Auth-Type', ':=', 'Accept');
INSERT INTO radcheck (username, attribute, op, value) VALUES ('4048072740@vzw3g.com', 'Auth-Type', ':=', 'Accept');
INSERT INTO radcheck (username, attribute, op, value) VALUES ('4048072719@vzw3g.com', 'Auth-Type', ':=', 'Accept');
INSERT INTO radcheck (username, attribute, op, value) VALUES ('4048073127@vzw3g.com', 'Auth-Type', ':=', 'Accept');
INSERT INTO radcheck (username, attribute, op, value) VALUES ('4048072725@vzw3g.com', 'Auth-Type', ':=', 'Accept');
INSERT INTO radcheck (username, attribute, op, value) VALUES ('4048072787@vzw3g.com', 'Auth-Type', ':=', 'Accept');
INSERT INTO radcheck (username, attribute, op, value) VALUES ('4048073086@vzw3g.com', 'Auth-Type', ':=', 'Accept');
INSERT INTO radcheck (username, attribute, op, value) VALUES ('4048072726@vzw3g.com', 'Auth-Type', ':=', 'Accept');
INSERT INTO radcheck (username, attribute, op, value) VALUES ('4048073075@vzw3g.com', 'Auth-Type', ':=', 'Accept');
INSERT INTO radcheck (username, attribute, op, value) VALUES ('4048072810@vzw3g.com', 'Auth-Type', ':=', 'Accept');
INSERT INTO radcheck (username, attribute, op, value) VALUES ('4046557951@vzw3g.com', 'Auth-Type', ':=', 'Accept');
INSERT INTO radcheck (username, attribute, op, value) VALUES ('4048073059@vzw3g.com', 'Auth-Type', ':=', 'Accept');
INSERT INTO radcheck (username, attribute, op, value) VALUES ('4048072764@vzw3g.com', 'Auth-Type', ':=', 'Accept');
INSERT INTO radcheck (username, attribute, op, value) VALUES ('4048073128@vzw3g.com', 'Auth-Type', ':=', 'Accept');
INSERT INTO radcheck (username, attribute, op, value) VALUES ('4048072773@vzw3g.com', 'Auth-Type', ':=', 'Accept');
INSERT INTO radcheck (username, attribute, op, value) VALUES ('4048073048@vzw3g.com', 'Auth-Type', ':=', 'Accept');
INSERT INTO radcheck (username, attribute, op, value) VALUES ('4048072784@vzw3g.com', 'Auth-Type', ':=', 'Accept');
INSERT INTO radcheck (username, attribute, op, value) VALUES ('4048072750@vzw3g.com', 'Auth-Type', ':=', 'Accept');
INSERT INTO radcheck (username, attribute, op, value) VALUES ('4048073087@vzw3g.com', 'Auth-Type', ':=', 'Accept');
INSERT INTO radcheck (username, attribute, op, value) VALUES ('4048072712@vzw3g.com', 'Auth-Type', ':=', 'Accept');
INSERT INTO radcheck (username, attribute, op, value) VALUES ('4048073136@vzw3g.com', 'Auth-Type', ':=', 'Accept');
INSERT INTO radcheck (username, attribute, op, value) VALUES ('4048072792@vzw3g.com', 'Auth-Type', ':=', 'Accept');
INSERT INTO radcheck (username, attribute, op, value) VALUES ('4048072723@vzw3g.com', 'Auth-Type', ':=', 'Accept');
INSERT INTO radcheck (username, attribute, op, value) VALUES ('4048073079@vzw3g.com', 'Auth-Type', ':=', 'Accept');
INSERT INTO radcheck (username, attribute, op, value) VALUES ('4048072716@vzw3g.com', 'Auth-Type', ':=', 'Accept');
INSERT INTO radcheck (username, attribute, op, value) VALUES ('8046550164@vzw3g.com', 'Auth-Type', ':=', 'Accept');
INSERT INTO radcheck (username, attribute, op, value) VALUES ('4048072808@vzw3g.com', 'Auth-Type', ':=', 'Accept');
INSERT INTO radcheck (username, attribute, op, value) VALUES ('8046550358@vzw3g.com', 'Auth-Type', ':=', 'Accept');
INSERT INTO radcheck (username, attribute, op, value) VALUES ('4048072730@vzw3g.com', 'Auth-Type', ':=', 'Accept');
INSERT INTO radcheck (username, attribute, op, value) VALUES ('8046550525@vzw3g.com', 'Auth-Type', ':=', 'Accept');
INSERT INTO radcheck (username, attribute, op, value) VALUES ('4048072765@vzw3g.com', 'Auth-Type', ':=', 'Accept');
INSERT INTO radcheck (username, attribute, op, value) VALUES ('8046558468@vzw3g.com', 'Auth-Type', ':=', 'Accept');
INSERT INTO radcheck (username, attribute, op, value) VALUES ('4048072770@vzw3g.com', 'Auth-Type', ':=', 'Accept');
INSERT INTO radcheck (username, attribute, op, value) VALUES ('4048072755@vzw3g.com', 'Auth-Type', ':=', 'Accept');
INSERT INTO radcheck (username, attribute, op, value) VALUES ('4048072780@vzw3g.com', 'Auth-Type', ':=', 'Accept');
INSERT INTO radcheck (username, attribute, op, value) VALUES ('4048072737@vzw3g.com', 'Auth-Type', ':=', 'Accept');
INSERT INTO radcheck (username, attribute, op, value) VALUES ('4048072738@vzw3g.com', 'Auth-Type', ':=', 'Accept');
INSERT INTO radcheck (username, attribute, op, value) VALUES ('4048072734@vzw3g.com', 'Auth-Type', ':=', 'Accept');
INSERT INTO radcheck (username, attribute, op, value) VALUES ('4048072756@vzw3g.com', 'Auth-Type', ':=', 'Accept');
INSERT INTO radcheck (username, attribute, op, value) VALUES ('4048072794@vzw3g.com', 'Auth-Type', ':=', 'Accept');
INSERT INTO radcheck (username, attribute, op, value) VALUES ('4048072763@vzw3g.com', 'Auth-Type', ':=', 'Accept');
INSERT INTO radcheck (username, attribute, op, value) VALUES ('4048072772@vzw3g.com', 'Auth-Type', ':=', 'Accept');
INSERT INTO radcheck (username, attribute, op, value) VALUES ('4048072786@vzw3g.com', 'Auth-Type', ':=', 'Accept');
INSERT INTO radcheck (username, attribute, op, value) VALUES ('4048072724@vzw3g.com', 'Auth-Type', ':=', 'Accept');
INSERT INTO radcheck (username, attribute, op, value) VALUES ('4048072795@vzw3g.com', 'Auth-Type', ':=', 'Accept');
INSERT INTO radcheck (username, attribute, op, value) VALUES ('4048317502@vzw3g.com', 'Auth-Type', ':=', 'Accept');
INSERT INTO radcheck (username, attribute, op, value) VALUES ('4048072789@vzw3g.com', 'Auth-Type', ':=', 'Accept');
INSERT INTO radcheck (username, attribute, op, value) VALUES ('4048072803@vzw3g.com', 'Auth-Type', ':=', 'Accept');
INSERT INTO radcheck (username, attribute, op, value) VALUES ('4048072718@vzw3g.com', 'Auth-Type', ':=', 'Accept');
INSERT INTO radcheck (username, attribute, op, value) VALUES ('4048072714@vzw3g.com', 'Auth-Type', ':=', 'Accept');
INSERT INTO radcheck (username, attribute, op, value) VALUES ('4048072732@vzw3g.com', 'Auth-Type', ':=', 'Accept');
INSERT INTO radcheck (username, attribute, op, value) VALUES ('4048072812@vzw3g.com', 'Auth-Type', ':=', 'Accept');
INSERT INTO radcheck (username, attribute, op, value) VALUES ('4048072779@vzw3g.com', 'Auth-Type', ':=', 'Accept');
INSERT INTO radcheck (username, attribute, op, value) VALUES ('4048072783@vzw3g.com', 'Auth-Type', ':=', 'Accept');
INSERT INTO radcheck (username, attribute, op, value) VALUES ('4048072802@vzw3g.com', 'Auth-Type', ':=', 'Accept');
INSERT INTO radcheck (username, attribute, op, value) VALUES ('4048072717@vzw3g.com', 'Auth-Type', ':=', 'Accept');
INSERT INTO radcheck (username, attribute, op, value) VALUES ('4048072742@vzw3g.com', 'Auth-Type', ':=', 'Accept');
INSERT INTO radcheck (username, attribute, op, value) VALUES ('4048072757@vzw3g.com', 'Auth-Type', ':=', 'Accept');
INSERT INTO radcheck (username, attribute, op, value) VALUES ('4048073042@vzw3g.com', 'Auth-Type', ':=', 'Accept');
INSERT INTO radcheck (username, attribute, op, value) VALUES ('4048073093@vzw3g.com', 'Auth-Type', ':=', 'Accept');
INSERT INTO radcheck (username, attribute, op, value) VALUES ('4048073051@vzw3g.com', 'Auth-Type', ':=', 'Accept');
INSERT INTO radcheck (username, attribute, op, value) VALUES ('4048073118@vzw3g.com', 'Auth-Type', ':=', 'Accept');
INSERT INTO radcheck (username, attribute, op, value) VALUES ('4048073103@vzw3g.com', 'Auth-Type', ':=', 'Accept');
INSERT INTO radcheck (username, attribute, op, value) VALUES ('4048073121@vzw3g.com', 'Auth-Type', ':=', 'Accept');
INSERT INTO radcheck (username, attribute, op, value) VALUES ('4048073120@vzw3g.com', 'Auth-Type', ':=', 'Accept');
INSERT INTO radcheck (username, attribute, op, value) VALUES ('4048073104@vzw3g.com', 'Auth-Type', ':=', 'Accept');
INSERT INTO radcheck (username, attribute, op, value) VALUES ('4045581160@vzw3g.com', 'Auth-Type', ':=', 'Accept');
INSERT INTO radcheck (username, attribute, op, value) VALUES ('4047801414@vzw3g.com', 'Auth-Type', ':=', 'Accept');
INSERT INTO radcheck (username, attribute, op, value) VALUES ('4048073126@vzw3g.com', 'Auth-Type', ':=', 'Accept');
INSERT INTO radcheck (username, attribute, op, value) VALUES ('4048073065@vzw3g.com', 'Auth-Type', ':=', 'Accept');
INSERT INTO radcheck (username, attribute, op, value) VALUES ('4048073077@vzw3g.com', 'Auth-Type', ':=', 'Accept');
INSERT INTO radcheck (username, attribute, op, value) VALUES ('4048959332@vzw3g.com', 'Auth-Type', ':=', 'Accept');
INSERT INTO radcheck (username, attribute, op, value) VALUES ('4048073099@vzw3g.com', 'Auth-Type', ':=', 'Accept');
INSERT INTO radcheck (username, attribute, op, value) VALUES ('4048073102@vzw3g.com', 'Auth-Type', ':=', 'Accept');
INSERT INTO radcheck (username, attribute, op, value) VALUES ('4048211308@vzw3g.com', 'Auth-Type', ':=', 'Accept');
INSERT INTO radcheck (username, attribute, op, value) VALUES ('4048072655@vzw3g.com', 'Auth-Type', ':=', 'Accept');
INSERT INTO radcheck (username, attribute, op, value) VALUES ('4048073110@vzw3g.com', 'Auth-Type', ':=', 'Accept');
INSERT INTO radcheck (username, attribute, op, value) VALUES ('4046404693@vzw3g.com', 'Auth-Type', ':=', 'Accept');
INSERT INTO radcheck (username, attribute, op, value) VALUES ('4048073111@vzw3g.com', 'Auth-Type', ':=', 'Accept');
INSERT INTO radcheck (username, attribute, op, value) VALUES ('4048073049@vzw3g.com', 'Auth-Type', ':=', 'Accept');
INSERT INTO radcheck (username, attribute, op, value) VALUES ('4048073133@vzw3g.com', 'Auth-Type', ':=', 'Accept');
INSERT INTO radcheck (username, attribute, op, value) VALUES ('4048073096@vzw3g.com', 'Auth-Type', ':=', 'Accept');
INSERT INTO radcheck (username, attribute, op, value) VALUES ('4048073076@vzw3g.com', 'Auth-Type', ':=', 'Accept');
INSERT INTO radcheck (username, attribute, op, value) VALUES ('4048073132@vzw3g.com', 'Auth-Type', ':=', 'Accept');
INSERT INTO radcheck (username, attribute, op, value) VALUES ('4048073108@vzw3g.com', 'Auth-Type', ':=', 'Accept');
INSERT INTO radcheck (username, attribute, op, value) VALUES ('4048073074@vzw3g.com', 'Auth-Type', ':=', 'Accept');
INSERT INTO radcheck (username, attribute, op, value) VALUES ('4048073060@vzw3g.com', 'Auth-Type', ':=', 'Accept');
INSERT INTO radcheck (username, attribute, op, value) VALUES ('4048073112@vzw3g.com', 'Auth-Type', ':=', 'Accept');
INSERT INTO radcheck (username, attribute, op, value) VALUES ('4048073098@vzw3g.com', 'Auth-Type', ':=', 'Accept');
INSERT INTO radcheck (username, attribute, op, value) VALUES ('4048073055@vzw3g.com', 'Auth-Type', ':=', 'Accept');
INSERT INTO radcheck (username, attribute, op, value) VALUES ('4045487145@vzw3g.com', 'Auth-Type', ':=', 'Accept');
INSERT INTO radcheck (username, attribute, op, value) VALUES ('4045482448@vzw3g.com', 'Auth-Type', ':=', 'Accept');
INSERT INTO radcheck (username, attribute, op, value) VALUES ('4048073041@vzw3g.com', 'Auth-Type', ':=', 'Accept');
INSERT INTO radcheck (username, attribute, op, value) VALUES ('4045483387@vzw3g.com', 'Auth-Type', ':=', 'Accept');
INSERT INTO radcheck (username, attribute, op, value) VALUES ('4048073105@vzw3g.com', 'Auth-Type', ':=', 'Accept');
INSERT INTO radcheck (username, attribute, op, value) VALUES ('4048073115@vzw3g.com', 'Auth-Type', ':=', 'Accept');
INSERT INTO radcheck (username, attribute, op, value) VALUES ('4045489139@vzw3g.com', 'Auth-Type', ':=', 'Accept');
INSERT INTO radcheck (username, attribute, op, value) VALUES ('4048073113@vzw3g.com', 'Auth-Type', ':=', 'Accept');
INSERT INTO radcheck (username, attribute, op, value) VALUES ('4048073044@vzw3g.com', 'Auth-Type', ':=', 'Accept');
INSERT INTO radcheck (username, attribute, op, value) VALUES ('4048073116@vzw3g.com', 'Auth-Type', ':=', 'Accept');
INSERT INTO radcheck (username, attribute, op, value) VALUES ('4048073037@vzw3g.com', 'Auth-Type', ':=', 'Accept');
INSERT INTO radcheck (username, attribute, op, value) VALUES ('4048073135@vzw3g.com', 'Auth-Type', ':=', 'Accept');
INSERT INTO radcheck (username, attribute, op, value) VALUES ('4048073066@vzw3g.com', 'Auth-Type', ':=', 'Accept');
INSERT INTO radcheck (username, attribute, op, value) VALUES ('4047109801@vzw3g.com', 'Auth-Type', ':=', 'Accept');
INSERT INTO radcheck (username, attribute, op, value) VALUES ('4048073139@vzw3g.com', 'Auth-Type', ':=', 'Accept');
INSERT INTO radcheck (username, attribute, op, value) VALUES ('4048073114@vzw3g.com', 'Auth-Type', ':=', 'Accept');
INSERT INTO radcheck (username, attribute, op, value) VALUES ('4048073131@vzw3g.com', 'Auth-Type', ':=', 'Accept');
INSERT INTO radcheck (username, attribute, op, value) VALUES ('4048073045@vzw3g.com', 'Auth-Type', ':=', 'Accept');
INSERT INTO radcheck (username, attribute, op, value) VALUES ('4048073003@vzw3g.com', 'Auth-Type', ':=', 'Accept');
INSERT INTO radcheck (username, attribute, op, value) VALUES ('4048073122@vzw3g.com', 'Auth-Type', ':=', 'Accept');
INSERT INTO radcheck (username, attribute, op, value) VALUES ('4048073085@vzw3g.com', 'Auth-Type', ':=', 'Accept');
INSERT INTO radcheck (username, attribute, op, value) VALUES ('4048073039@vzw3g.com', 'Auth-Type', ':=', 'Accept');
INSERT INTO radcheck (username, attribute, op, value) VALUES ('4048073097@vzw3g.com', 'Auth-Type', ':=', 'Accept');
INSERT INTO radcheck (username, attribute, op, value) VALUES ('4048073094@vzw3g.com', 'Auth-Type', ':=', 'Accept');
INSERT INTO radcheck (username, attribute, op, value) VALUES ('4048073009@vzw3g.com', 'Auth-Type', ':=', 'Accept');
INSERT INTO radcheck (username, attribute, op, value) VALUES ('4048073095@vzw3g.com', 'Auth-Type', ':=', 'Accept');
INSERT INTO radcheck (username, attribute, op, value) VALUES ('4048073067@vzw3g.com', 'Auth-Type', ':=', 'Accept');
INSERT INTO radcheck (username, attribute, op, value) VALUES ('4048073106@vzw3g.com', 'Auth-Type', ':=', 'Accept');
INSERT INTO radcheck (username, attribute, op, value) VALUES ('4048073046@vzw3g.com', 'Auth-Type', ':=', 'Accept');
INSERT INTO radcheck (username, attribute, op, value) VALUES ('4048073124@vzw3g.com', 'Auth-Type', ':=', 'Accept');
INSERT INTO radcheck (username, attribute, op, value) VALUES ('4048073129@vzw3g.com', 'Auth-Type', ':=', 'Accept');
INSERT INTO radcheck (username, attribute, op, value) VALUES ('4046154298@vzw3g.com', 'Auth-Type', ':=', 'Accept');
INSERT INTO radcheck (username, attribute, op, value) VALUES ('4048073117@vzw3g.com', 'Auth-Type', ':=', 'Accept');
INSERT INTO radcheck (username, attribute, op, value) VALUES ('4048073109@vzw3g.com', 'Auth-Type', ':=', 'Accept');
INSERT INTO radcheck (username, attribute, op, value) VALUES ('4048073073@vzw3g.com', 'Auth-Type', ':=', 'Accept');
INSERT INTO radcheck (username, attribute, op, value) VALUES ('4048073107@vzw3g.com', 'Auth-Type', ':=', 'Accept');
INSERT INTO radcheck (username, attribute, op, value) VALUES ('4048073100@vzw3g.com', 'Auth-Type', ':=', 'Accept');
INSERT INTO radcheck (username, attribute, op, value) VALUES ('4048073119@vzw3g.com', 'Auth-Type', ':=', 'Accept');
INSERT INTO radcheck (username, attribute, op, value) VALUES ('4048073069@vzw3g.com', 'Auth-Type', ':=', 'Accept');
INSERT INTO radcheck (username, attribute, op, value) VALUES ('4048073101@vzw3g.com', 'Auth-Type', ':=', 'Accept');
INSERT INTO radcheck (username, attribute, op, value) VALUES ('4048073130@vzw3g.com', 'Auth-Type', ':=', 'Accept');


/*
INSERT INTO usergroup(username, groupname, priority) VALUES (var_username, var_groupname, 50000);
 */


INSERT INTO usergroup(username, groupname, priority) VALUES ('4048072654@vzw3g.com', 'SERVICE-vzw_inventory', 50000);
INSERT INTO usergroup(username, groupname, priority) VALUES ('4048072669@vzw3g.com', 'SERVICE-vzw_inventory', 50000);
INSERT INTO usergroup(username, groupname, priority) VALUES ('4048072668@vzw3g.com', 'SERVICE-vzw_inventory', 50000);
INSERT INTO usergroup(username, groupname, priority) VALUES ('4048072671@vzw3g.com', 'SERVICE-vzw_inventory', 50000);
INSERT INTO usergroup(username, groupname, priority) VALUES ('4048072670@vzw3g.com', 'SERVICE-vzw_inventory', 50000);
INSERT INTO usergroup(username, groupname, priority) VALUES ('4048072662@vzw3g.com', 'SERVICE-vzw_inventory', 50000);
INSERT INTO usergroup(username, groupname, priority) VALUES ('4048072673@vzw3g.com', 'SERVICE-vzw_inventory', 50000);
INSERT INTO usergroup(username, groupname, priority) VALUES ('4048072664@vzw3g.com', 'SERVICE-vzw_inventory', 50000);
INSERT INTO usergroup(username, groupname, priority) VALUES ('4048072661@vzw3g.com', 'SERVICE-vzw_inventory', 50000);
INSERT INTO usergroup(username, groupname, priority) VALUES ('4048073054@vzw3g.com', 'SERVICE-vzw_inventory', 50000);
INSERT INTO usergroup(username, groupname, priority) VALUES ('4048072790@vzw3g.com', 'SERVICE-vzw_inventory', 50000);
INSERT INTO usergroup(username, groupname, priority) VALUES ('4048072771@vzw3g.com', 'SERVICE-vzw_inventory', 50000);
INSERT INTO usergroup(username, groupname, priority) VALUES ('4048072791@vzw3g.com', 'SERVICE-vzw_inventory', 50000);
INSERT INTO usergroup(username, groupname, priority) VALUES ('4048072777@vzw3g.com', 'SERVICE-vzw_inventory', 50000);
INSERT INTO usergroup(username, groupname, priority) VALUES ('4048072775@vzw3g.com', 'SERVICE-vzw_inventory', 50000);
INSERT INTO usergroup(username, groupname, priority) VALUES ('4048072745@vzw3g.com', 'SERVICE-vzw_inventory', 50000);
INSERT INTO usergroup(username, groupname, priority) VALUES ('4048072785@vzw3g.com', 'SERVICE-vzw_inventory', 50000);
INSERT INTO usergroup(username, groupname, priority) VALUES ('4048072768@vzw3g.com', 'SERVICE-vzw_inventory', 50000);
INSERT INTO usergroup(username, groupname, priority) VALUES ('4048072801@vzw3g.com', 'SERVICE-vzw_inventory', 50000);
INSERT INTO usergroup(username, groupname, priority) VALUES ('4048072749@vzw3g.com', 'SERVICE-vzw_inventory', 50000);
INSERT INTO usergroup(username, groupname, priority) VALUES ('4048072721@vzw3g.com', 'SERVICE-vzw_inventory', 50000);
INSERT INTO usergroup(username, groupname, priority) VALUES ('4048072739@vzw3g.com', 'SERVICE-vzw_inventory', 50000);
INSERT INTO usergroup(username, groupname, priority) VALUES ('4048072715@vzw3g.com', 'SERVICE-vzw_inventory', 50000);
INSERT INTO usergroup(username, groupname, priority) VALUES ('4048072782@vzw3g.com', 'SERVICE-vzw_inventory', 50000);
INSERT INTO usergroup(username, groupname, priority) VALUES ('4048072799@vzw3g.com', 'SERVICE-vzw_inventory', 50000);
INSERT INTO usergroup(username, groupname, priority) VALUES ('4048072743@vzw3g.com', 'SERVICE-vzw_inventory', 50000);
INSERT INTO usergroup(username, groupname, priority) VALUES ('4048072769@vzw3g.com', 'SERVICE-vzw_inventory', 50000);
INSERT INTO usergroup(username, groupname, priority) VALUES ('4048072746@vzw3g.com', 'SERVICE-vzw_inventory', 50000);
INSERT INTO usergroup(username, groupname, priority) VALUES ('4048072736@vzw3g.com', 'SERVICE-vzw_inventory', 50000);
INSERT INTO usergroup(username, groupname, priority) VALUES ('4048072796@vzw3g.com', 'SERVICE-vzw_inventory', 50000);
INSERT INTO usergroup(username, groupname, priority) VALUES ('4047647849@vzw3g.com', 'SERVICE-vzw_inventory', 50000);
INSERT INTO usergroup(username, groupname, priority) VALUES ('4048072731@vzw3g.com', 'SERVICE-vzw_inventory', 50000);
INSERT INTO usergroup(username, groupname, priority) VALUES ('4048072741@vzw3g.com', 'SERVICE-vzw_inventory', 50000);
INSERT INTO usergroup(username, groupname, priority) VALUES ('4048072793@vzw3g.com', 'SERVICE-vzw_inventory', 50000);
INSERT INTO usergroup(username, groupname, priority) VALUES ('4048072805@vzw3g.com', 'SERVICE-vzw_inventory', 50000);
INSERT INTO usergroup(username, groupname, priority) VALUES ('4048072807@vzw3g.com', 'SERVICE-vzw_inventory', 50000);
INSERT INTO usergroup(username, groupname, priority) VALUES ('4048072747@vzw3g.com', 'SERVICE-vzw_inventory', 50000);
INSERT INTO usergroup(username, groupname, priority) VALUES ('4048072806@vzw3g.com', 'SERVICE-vzw_inventory', 50000);
INSERT INTO usergroup(username, groupname, priority) VALUES ('4048072728@vzw3g.com', 'SERVICE-vzw_inventory', 50000);
INSERT INTO usergroup(username, groupname, priority) VALUES ('4048072729@vzw3g.com', 'SERVICE-vzw_inventory', 50000);
INSERT INTO usergroup(username, groupname, priority) VALUES ('4048072733@vzw3g.com', 'SERVICE-vzw_inventory', 50000);
INSERT INTO usergroup(username, groupname, priority) VALUES ('4048072778@vzw3g.com', 'SERVICE-vzw_inventory', 50000);
INSERT INTO usergroup(username, groupname, priority) VALUES ('4048072748@vzw3g.com', 'SERVICE-vzw_inventory', 50000);
INSERT INTO usergroup(username, groupname, priority) VALUES ('4048072774@vzw3g.com', 'SERVICE-vzw_inventory', 50000);
INSERT INTO usergroup(username, groupname, priority) VALUES ('4048072735@vzw3g.com', 'SERVICE-vzw_inventory', 50000);
INSERT INTO usergroup(username, groupname, priority) VALUES ('4048072788@vzw3g.com', 'SERVICE-vzw_inventory', 50000);
INSERT INTO usergroup(username, groupname, priority) VALUES ('4048072752@vzw3g.com', 'SERVICE-vzw_inventory', 50000);
INSERT INTO usergroup(username, groupname, priority) VALUES ('4048072751@vzw3g.com', 'SERVICE-vzw_inventory', 50000);
INSERT INTO usergroup(username, groupname, priority) VALUES ('4048072798@vzw3g.com', 'SERVICE-vzw_inventory', 50000);
INSERT INTO usergroup(username, groupname, priority) VALUES ('4048072744@vzw3g.com', 'SERVICE-vzw_inventory', 50000);
INSERT INTO usergroup(username, groupname, priority) VALUES ('4048072766@vzw3g.com', 'SERVICE-vzw_inventory', 50000);
INSERT INTO usergroup(username, groupname, priority) VALUES ('4048072813@vzw3g.com', 'SERVICE-vzw_inventory', 50000);
INSERT INTO usergroup(username, groupname, priority) VALUES ('4048072758@vzw3g.com', 'SERVICE-vzw_inventory', 50000);
INSERT INTO usergroup(username, groupname, priority) VALUES ('4048072720@vzw3g.com', 'SERVICE-vzw_inventory', 50000);
INSERT INTO usergroup(username, groupname, priority) VALUES ('4048072722@vzw3g.com', 'SERVICE-vzw_inventory', 50000);
INSERT INTO usergroup(username, groupname, priority) VALUES ('4048072713@vzw3g.com', 'SERVICE-vzw_inventory', 50000);
INSERT INTO usergroup(username, groupname, priority) VALUES ('4048072753@vzw3g.com', 'SERVICE-vzw_inventory', 50000);
INSERT INTO usergroup(username, groupname, priority) VALUES ('4042934886@vzw3g.com', 'SERVICE-vzw_inventory', 50000);
INSERT INTO usergroup(username, groupname, priority) VALUES ('4048072814@vzw3g.com', 'SERVICE-vzw_inventory', 50000);
INSERT INTO usergroup(username, groupname, priority) VALUES ('4048072776@vzw3g.com', 'SERVICE-vzw_inventory', 50000);
INSERT INTO usergroup(username, groupname, priority) VALUES ('4048072711@vzw3g.com', 'SERVICE-vzw_inventory', 50000);
INSERT INTO usergroup(username, groupname, priority) VALUES ('4048072660@vzw3g.com', 'SERVICE-vzw_inventory', 50000);
INSERT INTO usergroup(username, groupname, priority) VALUES ('4046404680@vzw3g.com', 'SERVICE-vzw_inventory', 50000);
INSERT INTO usergroup(username, groupname, priority) VALUES ('4048072767@vzw3g.com', 'SERVICE-vzw_inventory', 50000);
INSERT INTO usergroup(username, groupname, priority) VALUES ('4048072754@vzw3g.com', 'SERVICE-vzw_inventory', 50000);
INSERT INTO usergroup(username, groupname, priority) VALUES ('4048072740@vzw3g.com', 'SERVICE-vzw_inventory', 50000);
INSERT INTO usergroup(username, groupname, priority) VALUES ('4048072719@vzw3g.com', 'SERVICE-vzw_inventory', 50000);
INSERT INTO usergroup(username, groupname, priority) VALUES ('4048073127@vzw3g.com', 'SERVICE-vzw_inventory', 50000);
INSERT INTO usergroup(username, groupname, priority) VALUES ('4048072725@vzw3g.com', 'SERVICE-vzw_inventory', 50000);
INSERT INTO usergroup(username, groupname, priority) VALUES ('4048072787@vzw3g.com', 'SERVICE-vzw_inventory', 50000);
INSERT INTO usergroup(username, groupname, priority) VALUES ('4048073086@vzw3g.com', 'SERVICE-vzw_inventory', 50000);
INSERT INTO usergroup(username, groupname, priority) VALUES ('4048072726@vzw3g.com', 'SERVICE-vzw_inventory', 50000);
INSERT INTO usergroup(username, groupname, priority) VALUES ('4048073075@vzw3g.com', 'SERVICE-vzw_inventory', 50000);
INSERT INTO usergroup(username, groupname, priority) VALUES ('4048072810@vzw3g.com', 'SERVICE-vzw_inventory', 50000);
INSERT INTO usergroup(username, groupname, priority) VALUES ('4046557951@vzw3g.com', 'SERVICE-vzw_inventory', 50000);
INSERT INTO usergroup(username, groupname, priority) VALUES ('4048073059@vzw3g.com', 'SERVICE-vzw_inventory', 50000);
INSERT INTO usergroup(username, groupname, priority) VALUES ('4048072764@vzw3g.com', 'SERVICE-vzw_inventory', 50000);
INSERT INTO usergroup(username, groupname, priority) VALUES ('4048073128@vzw3g.com', 'SERVICE-vzw_inventory', 50000);
INSERT INTO usergroup(username, groupname, priority) VALUES ('4048072773@vzw3g.com', 'SERVICE-vzw_inventory', 50000);
INSERT INTO usergroup(username, groupname, priority) VALUES ('4048073048@vzw3g.com', 'SERVICE-vzw_inventory', 50000);
INSERT INTO usergroup(username, groupname, priority) VALUES ('4048072784@vzw3g.com', 'SERVICE-vzw_inventory', 50000);
INSERT INTO usergroup(username, groupname, priority) VALUES ('4048072750@vzw3g.com', 'SERVICE-vzw_inventory', 50000);
INSERT INTO usergroup(username, groupname, priority) VALUES ('4048073087@vzw3g.com', 'SERVICE-vzw_inventory', 50000);
INSERT INTO usergroup(username, groupname, priority) VALUES ('4048072712@vzw3g.com', 'SERVICE-vzw_inventory', 50000);
INSERT INTO usergroup(username, groupname, priority) VALUES ('4048073136@vzw3g.com', 'SERVICE-vzw_inventory', 50000);
INSERT INTO usergroup(username, groupname, priority) VALUES ('4048072792@vzw3g.com', 'SERVICE-vzw_inventory', 50000);
INSERT INTO usergroup(username, groupname, priority) VALUES ('4048072723@vzw3g.com', 'SERVICE-vzw_inventory', 50000);
INSERT INTO usergroup(username, groupname, priority) VALUES ('4048073079@vzw3g.com', 'SERVICE-vzw_inventory', 50000);
INSERT INTO usergroup(username, groupname, priority) VALUES ('4048072716@vzw3g.com', 'SERVICE-vzw_inventory', 50000);
INSERT INTO usergroup(username, groupname, priority) VALUES ('8046550164@vzw3g.com', 'SERVICE-vzw_inventory', 50000);
INSERT INTO usergroup(username, groupname, priority) VALUES ('4048072808@vzw3g.com', 'SERVICE-vzw_inventory', 50000);
INSERT INTO usergroup(username, groupname, priority) VALUES ('8046550358@vzw3g.com', 'SERVICE-vzw_inventory', 50000);
INSERT INTO usergroup(username, groupname, priority) VALUES ('4048072730@vzw3g.com', 'SERVICE-vzw_inventory', 50000);
INSERT INTO usergroup(username, groupname, priority) VALUES ('8046550525@vzw3g.com', 'SERVICE-vzw_inventory', 50000);
INSERT INTO usergroup(username, groupname, priority) VALUES ('4048072765@vzw3g.com', 'SERVICE-vzw_inventory', 50000);
INSERT INTO usergroup(username, groupname, priority) VALUES ('8046558468@vzw3g.com', 'SERVICE-vzw_inventory', 50000);
INSERT INTO usergroup(username, groupname, priority) VALUES ('4048072770@vzw3g.com', 'SERVICE-vzw_inventory', 50000);
INSERT INTO usergroup(username, groupname, priority) VALUES ('4048072755@vzw3g.com', 'SERVICE-vzw_inventory', 50000);
INSERT INTO usergroup(username, groupname, priority) VALUES ('4048072780@vzw3g.com', 'SERVICE-vzw_inventory', 50000);
INSERT INTO usergroup(username, groupname, priority) VALUES ('4048072737@vzw3g.com', 'SERVICE-vzw_inventory', 50000);
INSERT INTO usergroup(username, groupname, priority) VALUES ('4048072738@vzw3g.com', 'SERVICE-vzw_inventory', 50000);
INSERT INTO usergroup(username, groupname, priority) VALUES ('4048072734@vzw3g.com', 'SERVICE-vzw_inventory', 50000);
INSERT INTO usergroup(username, groupname, priority) VALUES ('4048072756@vzw3g.com', 'SERVICE-vzw_inventory', 50000);
INSERT INTO usergroup(username, groupname, priority) VALUES ('4048072794@vzw3g.com', 'SERVICE-vzw_inventory', 50000);
INSERT INTO usergroup(username, groupname, priority) VALUES ('4048072763@vzw3g.com', 'SERVICE-vzw_inventory', 50000);
INSERT INTO usergroup(username, groupname, priority) VALUES ('4048072772@vzw3g.com', 'SERVICE-vzw_inventory', 50000);
INSERT INTO usergroup(username, groupname, priority) VALUES ('4048072786@vzw3g.com', 'SERVICE-vzw_inventory', 50000);
INSERT INTO usergroup(username, groupname, priority) VALUES ('4048072724@vzw3g.com', 'SERVICE-vzw_inventory', 50000);
INSERT INTO usergroup(username, groupname, priority) VALUES ('4048072795@vzw3g.com', 'SERVICE-vzw_inventory', 50000);
INSERT INTO usergroup(username, groupname, priority) VALUES ('4048317502@vzw3g.com', 'SERVICE-vzw_inventory', 50000);
INSERT INTO usergroup(username, groupname, priority) VALUES ('4048072789@vzw3g.com', 'SERVICE-vzw_inventory', 50000);
INSERT INTO usergroup(username, groupname, priority) VALUES ('4048072803@vzw3g.com', 'SERVICE-vzw_inventory', 50000);
INSERT INTO usergroup(username, groupname, priority) VALUES ('4048072718@vzw3g.com', 'SERVICE-vzw_inventory', 50000);
INSERT INTO usergroup(username, groupname, priority) VALUES ('4048072714@vzw3g.com', 'SERVICE-vzw_inventory', 50000);
INSERT INTO usergroup(username, groupname, priority) VALUES ('4048072732@vzw3g.com', 'SERVICE-vzw_inventory', 50000);
INSERT INTO usergroup(username, groupname, priority) VALUES ('4048072812@vzw3g.com', 'SERVICE-vzw_inventory', 50000);
INSERT INTO usergroup(username, groupname, priority) VALUES ('4048072779@vzw3g.com', 'SERVICE-vzw_inventory', 50000);
INSERT INTO usergroup(username, groupname, priority) VALUES ('4048072783@vzw3g.com', 'SERVICE-vzw_inventory', 50000);
INSERT INTO usergroup(username, groupname, priority) VALUES ('4048072802@vzw3g.com', 'SERVICE-vzw_inventory', 50000);
INSERT INTO usergroup(username, groupname, priority) VALUES ('4048072717@vzw3g.com', 'SERVICE-vzw_inventory', 50000);
INSERT INTO usergroup(username, groupname, priority) VALUES ('4048072742@vzw3g.com', 'SERVICE-vzw_inventory', 50000);
INSERT INTO usergroup(username, groupname, priority) VALUES ('4048072757@vzw3g.com', 'SERVICE-vzw_inventory', 50000);
INSERT INTO usergroup(username, groupname, priority) VALUES ('4048073042@vzw3g.com', 'SERVICE-vzw_inventory', 50000);
INSERT INTO usergroup(username, groupname, priority) VALUES ('4048073093@vzw3g.com', 'SERVICE-vzw_inventory', 50000);
INSERT INTO usergroup(username, groupname, priority) VALUES ('4048073051@vzw3g.com', 'SERVICE-vzw_inventory', 50000);
INSERT INTO usergroup(username, groupname, priority) VALUES ('4048073118@vzw3g.com', 'SERVICE-vzw_inventory', 50000);
INSERT INTO usergroup(username, groupname, priority) VALUES ('4048073103@vzw3g.com', 'SERVICE-vzw_inventory', 50000);
INSERT INTO usergroup(username, groupname, priority) VALUES ('4048073121@vzw3g.com', 'SERVICE-vzw_inventory', 50000);
INSERT INTO usergroup(username, groupname, priority) VALUES ('4048073120@vzw3g.com', 'SERVICE-vzw_inventory', 50000);
INSERT INTO usergroup(username, groupname, priority) VALUES ('4048073104@vzw3g.com', 'SERVICE-vzw_inventory', 50000);
INSERT INTO usergroup(username, groupname, priority) VALUES ('4045581160@vzw3g.com', 'SERVICE-vzw_inventory', 50000);
INSERT INTO usergroup(username, groupname, priority) VALUES ('4047801414@vzw3g.com', 'SERVICE-vzw_inventory', 50000);
INSERT INTO usergroup(username, groupname, priority) VALUES ('4048073126@vzw3g.com', 'SERVICE-vzw_inventory', 50000);
INSERT INTO usergroup(username, groupname, priority) VALUES ('4048073065@vzw3g.com', 'SERVICE-vzw_inventory', 50000);
INSERT INTO usergroup(username, groupname, priority) VALUES ('4048073077@vzw3g.com', 'SERVICE-vzw_inventory', 50000);
INSERT INTO usergroup(username, groupname, priority) VALUES ('4048959332@vzw3g.com', 'SERVICE-vzw_inventory', 50000);
INSERT INTO usergroup(username, groupname, priority) VALUES ('4048073099@vzw3g.com', 'SERVICE-vzw_inventory', 50000);
INSERT INTO usergroup(username, groupname, priority) VALUES ('4048073102@vzw3g.com', 'SERVICE-vzw_inventory', 50000);
INSERT INTO usergroup(username, groupname, priority) VALUES ('4048211308@vzw3g.com', 'SERVICE-vzw_inventory', 50000);
INSERT INTO usergroup(username, groupname, priority) VALUES ('4048072655@vzw3g.com', 'SERVICE-vzw_inventory', 50000);
INSERT INTO usergroup(username, groupname, priority) VALUES ('4048073110@vzw3g.com', 'SERVICE-vzw_inventory', 50000);
INSERT INTO usergroup(username, groupname, priority) VALUES ('4046404693@vzw3g.com', 'SERVICE-vzw_inventory', 50000);
INSERT INTO usergroup(username, groupname, priority) VALUES ('4048073111@vzw3g.com', 'SERVICE-vzw_inventory', 50000);
INSERT INTO usergroup(username, groupname, priority) VALUES ('4048073049@vzw3g.com', 'SERVICE-vzw_inventory', 50000);
INSERT INTO usergroup(username, groupname, priority) VALUES ('4048073133@vzw3g.com', 'SERVICE-vzw_inventory', 50000);
INSERT INTO usergroup(username, groupname, priority) VALUES ('4048073096@vzw3g.com', 'SERVICE-vzw_inventory', 50000);
INSERT INTO usergroup(username, groupname, priority) VALUES ('4048073076@vzw3g.com', 'SERVICE-vzw_inventory', 50000);
INSERT INTO usergroup(username, groupname, priority) VALUES ('4048073132@vzw3g.com', 'SERVICE-vzw_inventory', 50000);
INSERT INTO usergroup(username, groupname, priority) VALUES ('4048073108@vzw3g.com', 'SERVICE-vzw_inventory', 50000);
INSERT INTO usergroup(username, groupname, priority) VALUES ('4048073074@vzw3g.com', 'SERVICE-vzw_inventory', 50000);
INSERT INTO usergroup(username, groupname, priority) VALUES ('4048073060@vzw3g.com', 'SERVICE-vzw_inventory', 50000);
INSERT INTO usergroup(username, groupname, priority) VALUES ('4048073112@vzw3g.com', 'SERVICE-vzw_inventory', 50000);
INSERT INTO usergroup(username, groupname, priority) VALUES ('4048073098@vzw3g.com', 'SERVICE-vzw_inventory', 50000);
INSERT INTO usergroup(username, groupname, priority) VALUES ('4048073055@vzw3g.com', 'SERVICE-vzw_inventory', 50000);
INSERT INTO usergroup(username, groupname, priority) VALUES ('4045487145@vzw3g.com', 'SERVICE-vzw_inventory', 50000);
INSERT INTO usergroup(username, groupname, priority) VALUES ('4045482448@vzw3g.com', 'SERVICE-vzw_inventory', 50000);
INSERT INTO usergroup(username, groupname, priority) VALUES ('4048073041@vzw3g.com', 'SERVICE-vzw_inventory', 50000);
INSERT INTO usergroup(username, groupname, priority) VALUES ('4045483387@vzw3g.com', 'SERVICE-vzw_inventory', 50000);
INSERT INTO usergroup(username, groupname, priority) VALUES ('4048073105@vzw3g.com', 'SERVICE-vzw_inventory', 50000);
INSERT INTO usergroup(username, groupname, priority) VALUES ('4048073115@vzw3g.com', 'SERVICE-vzw_inventory', 50000);
INSERT INTO usergroup(username, groupname, priority) VALUES ('4045489139@vzw3g.com', 'SERVICE-vzw_inventory', 50000);
INSERT INTO usergroup(username, groupname, priority) VALUES ('4048073113@vzw3g.com', 'SERVICE-vzw_inventory', 50000);
INSERT INTO usergroup(username, groupname, priority) VALUES ('4048073044@vzw3g.com', 'SERVICE-vzw_inventory', 50000);
INSERT INTO usergroup(username, groupname, priority) VALUES ('4048073116@vzw3g.com', 'SERVICE-vzw_inventory', 50000);
INSERT INTO usergroup(username, groupname, priority) VALUES ('4048073037@vzw3g.com', 'SERVICE-vzw_inventory', 50000);
INSERT INTO usergroup(username, groupname, priority) VALUES ('4048073135@vzw3g.com', 'SERVICE-vzw_inventory', 50000);
INSERT INTO usergroup(username, groupname, priority) VALUES ('4048073066@vzw3g.com', 'SERVICE-vzw_inventory', 50000);
INSERT INTO usergroup(username, groupname, priority) VALUES ('4047109801@vzw3g.com', 'SERVICE-vzw_inventory', 50000);
INSERT INTO usergroup(username, groupname, priority) VALUES ('4048073139@vzw3g.com', 'SERVICE-vzw_inventory', 50000);
INSERT INTO usergroup(username, groupname, priority) VALUES ('4048073114@vzw3g.com', 'SERVICE-vzw_inventory', 50000);
INSERT INTO usergroup(username, groupname, priority) VALUES ('4048073131@vzw3g.com', 'SERVICE-vzw_inventory', 50000);
INSERT INTO usergroup(username, groupname, priority) VALUES ('4048073045@vzw3g.com', 'SERVICE-vzw_inventory', 50000);
INSERT INTO usergroup(username, groupname, priority) VALUES ('4048073003@vzw3g.com', 'SERVICE-vzw_inventory', 50000);
INSERT INTO usergroup(username, groupname, priority) VALUES ('4048073122@vzw3g.com', 'SERVICE-vzw_inventory', 50000);
INSERT INTO usergroup(username, groupname, priority) VALUES ('4048073085@vzw3g.com', 'SERVICE-vzw_inventory', 50000);
INSERT INTO usergroup(username, groupname, priority) VALUES ('4048073039@vzw3g.com', 'SERVICE-vzw_inventory', 50000);
INSERT INTO usergroup(username, groupname, priority) VALUES ('4048073097@vzw3g.com', 'SERVICE-vzw_inventory', 50000);
INSERT INTO usergroup(username, groupname, priority) VALUES ('4048073094@vzw3g.com', 'SERVICE-vzw_inventory', 50000);
INSERT INTO usergroup(username, groupname, priority) VALUES ('4048073009@vzw3g.com', 'SERVICE-vzw_inventory', 50000);
INSERT INTO usergroup(username, groupname, priority) VALUES ('4048073095@vzw3g.com', 'SERVICE-vzw_inventory', 50000);
INSERT INTO usergroup(username, groupname, priority) VALUES ('4048073067@vzw3g.com', 'SERVICE-vzw_inventory', 50000);
INSERT INTO usergroup(username, groupname, priority) VALUES ('4048073106@vzw3g.com', 'SERVICE-vzw_inventory', 50000);
INSERT INTO usergroup(username, groupname, priority) VALUES ('4048073046@vzw3g.com', 'SERVICE-vzw_inventory', 50000);
INSERT INTO usergroup(username, groupname, priority) VALUES ('4048073124@vzw3g.com', 'SERVICE-vzw_inventory', 50000);
INSERT INTO usergroup(username, groupname, priority) VALUES ('4048073129@vzw3g.com', 'SERVICE-vzw_inventory', 50000);
INSERT INTO usergroup(username, groupname, priority) VALUES ('4046154298@vzw3g.com', 'SERVICE-vzw_inventory', 50000);
INSERT INTO usergroup(username, groupname, priority) VALUES ('4048073117@vzw3g.com', 'SERVICE-vzw_inventory', 50000);
INSERT INTO usergroup(username, groupname, priority) VALUES ('4048073109@vzw3g.com', 'SERVICE-vzw_inventory', 50000);
INSERT INTO usergroup(username, groupname, priority) VALUES ('4048073073@vzw3g.com', 'SERVICE-vzw_inventory', 50000);
INSERT INTO usergroup(username, groupname, priority) VALUES ('4048073107@vzw3g.com', 'SERVICE-vzw_inventory', 50000);
INSERT INTO usergroup(username, groupname, priority) VALUES ('4048073100@vzw3g.com', 'SERVICE-vzw_inventory', 50000);
INSERT INTO usergroup(username, groupname, priority) VALUES ('4048073119@vzw3g.com', 'SERVICE-vzw_inventory', 50000);
INSERT INTO usergroup(username, groupname, priority) VALUES ('4048073069@vzw3g.com', 'SERVICE-vzw_inventory', 50000);
INSERT INTO usergroup(username, groupname, priority) VALUES ('4048073101@vzw3g.com', 'SERVICE-vzw_inventory', 50000);
INSERT INTO usergroup(username, groupname, priority) VALUES ('4048073130@vzw3g.com', 'SERVICE-vzw_inventory', 50000);



